wl,n
0.1762,2.4569
0.1862,2.5144
0.1962,2.569
0.2062,2.6208
0.2162,2.6697
0.2262,2.716
0.2362,2.7596
0.2462,2.8008
0.2562,2.8396
0.2662,2.876
0.2762,2.9103
0.2862,2.9424
0.2962,2.9724
0.3062,3.0004
0.3162,3.0265
0.3262,3.0508
0.3362,3.0732
0.3462,3.094
0.3562,3.113
0.3662,3.1304
0.3762,3.1463
0.3862,3.1614
0.3962,3.1765
0.4062,3.1912
0.4162,3.2055
0.4262,3.219
0.4362,3.2315
0.4462,3.2426
0.4562,3.2521
0.4662,3.2596
0.4762,3.2649
0.4862,3.2675
0.4962,3.2671
0.5062,3.2634
0.5162,3.2559
0.5262,3.2442
0.5362,3.2283
0.5462,3.2101
0.5562,3.1902
0.5662,3.1685
0.5762,3.1452
0.5862,3.1204
0.5962,3.0943
0.6062,3.0669
0.6162,3.0385
0.6262,3.009
0.6362,2.9787
0.6462,2.9476
0.6562,2.9161
0.6662,2.8841
0.6762,2.852
0.6862,2.8199
0.6962,2.7872
0.7062,2.7525
0.7162,2.7161
0.7262,2.6781
0.7362,2.6387
0.7462,2.5983
0.7562,2.5572
0.7662,2.5157
0.7762,2.474
0.7862,2.4326
0.7962,2.3917
0.8062,2.3518
0.8162,2.3132
0.8262,2.2764
0.8362,2.2416
0.8462,2.2091
0.8562,2.1778
0.8662,2.1472
0.8762,2.1171
0.8862,2.0877
0.8962,2.059
0.9062,2.0311
0.9162,2.0038
0.9262,1.9773
0.9362,1.9515
0.9462,1.9265
0.9562,1.9022
0.9662,1.8785
0.9762,1.8556
0.9862,1.8334
0.9962,1.8117
1.0062,1.7909
1.0162,1.771
1.0262,1.752
1.0362,1.7339
1.0462,1.7166
1.0562,1.7002
1.0662,1.6845
1.0762,1.6696
1.0862,1.6555
1.0962,1.642
1.1062,1.6293
1.1162,1.6172
1.1262,1.6057
1.1362,1.5949
1.1462,1.5846
1.1562,1.5749
1.1662,1.5664
1.1762,1.5589
1.1862,1.5524
1.1962,1.5469
1.2062,1.5423
1.2162,1.5384
1.2262,1.5352
1.2362,1.5326
1.2462,1.5305
1.2562,1.5289
1.2662,1.5276
1.2762,1.5267
1.2862,1.526
1.2962,1.5255
1.3062,1.5251
1.3162,1.525
1.3262,1.5253
1.3362,1.5262
1.3462,1.5276
1.3562,1.5293
1.3662,1.5314
1.3762,1.5339
1.3862,1.5368
1.3962,1.5399
1.4062,1.5433
1.4162,1.5469
1.4262,1.5507
1.4362,1.5547
1.4462,1.5589
1.4562,1.5632
1.4662,1.5676
1.4762,1.5722
1.4862,1.577
1.4962,1.582
1.5062,1.5872
1.5162,1.5927
1.5262,1.5983
1.5362,1.6042
1.5462,1.6103
1.5562,1.6166
1.5662,1.6232
1.5762,1.63
1.5862,1.637
1.5962,1.6443
1.6062,1.6518
1.6162,1.6596
1.6262,1.6677
1.6362,1.6763
1.6462,1.6853
1.6562,1.6947
1.6662,1.7043
1.6762,1.7143
1.6862,1.7244
1.6962,1.7348
1.7062,1.7452
1.7162,1.7557
1.7262,1.7663
1.7362,1.7769
1.7462,1.7874
1.7562,1.7978
1.7662,1.8081
1.7762,1.8182
1.7862,1.8282
1.7962,1.8382
1.8062,1.8482
1.8162,1.8582
1.8262,1.8681
1.8362,1.8781
1.8462,1.8881
1.8562,1.8982
1.8662,1.9084
1.8762,1.9186
1.8862,1.929
1.8962,1.9395
1.9062,1.9501
1.9162,1.9608
1.9262,1.9718
1.9362,1.9829
1.9462,1.9941
1.9562,2.0055
1.9662,2.017
1.9762,2.0286
1.9862,2.0403
1.9962,2.0521
2.0062,2.0641
2.0162,2.0761
2.0262,2.0883
2.0362,2.1005
2.0462,2.1128
2.0562,2.1252
2.0662,2.1377
2.0762,2.1502
2.0862,2.1628
2.0962,2.1756
2.1062,2.1886
2.1162,2.2016
2.1262,2.2148
2.1362,2.2282
2.1462,2.2416
2.1562,2.2551
2.1662,2.2686
2.1762,2.2822
2.1862,2.2959
2.1962,2.3095
2.2062,2.3232
2.2162,2.3368
2.2262,2.3504
2.2362,2.3639
2.2462,2.3775
2.2562,2.391
2.2662,2.4045
2.2762,2.4181
2.2862,2.4317
2.2962,2.4453
2.3062,2.4589
2.3162,2.4725
2.3262,2.4862
2.3362,2.4999
2.3462,2.5136
2.3562,2.5273
2.3662,2.5411
2.3762,2.5549
2.3862,2.5687
2.3962,2.5826
2.4062,2.5965
2.4162,2.6105
2.4262,2.6244
2.4362,2.6384
2.4462,2.6524
2.4562,2.6665
2.4662,2.6806
2.4762,2.6948
2.4862,2.7089
2.4962,2.7231
2.5062,2.7374
2.5162,2.7517
2.5262,2.766
2.5362,2.7804
2.5462,2.7949
2.5562,2.8093
2.5662,2.8239
2.5762,2.8385
2.5862,2.8531
2.5962,2.8678
2.6062,2.8826
2.6162,2.8974
2.6262,2.9122
2.6362,2.9271
2.6462,2.942
2.6562,2.9569
2.6662,2.9718
2.6762,2.9868
2.6862,3.0018
2.6962,3.0168
2.7062,3.0318
2.7162,3.0469
2.7262,3.062
2.7362,3.0771
2.7462,3.0923
2.7562,3.1075
2.7662,3.1227
2.7762,3.138
2.7862,3.1533
2.7962,3.1686
2.8062,3.184
2.8162,3.1993
2.8262,3.2147
2.8362,3.23
2.8462,3.2454
2.8562,3.2607
2.8662,3.2761
2.8762,3.2914
2.8862,3.3067
2.8962,3.3221
2.9062,3.3374
2.9162,3.3527
2.9262,3.3681
2.9362,3.3835
2.9462,3.3989
2.9562,3.4143
2.9662,3.4298
2.9762,3.4453
2.9862,3.4609
2.9962,3.4765
3.0062,3.4922
3.0162,3.5079
3.0262,3.5237
3.0362,3.5397
3.0462,3.5557
3.0562,3.5719
3.0662,3.5881
3.0762,3.6043
3.0862,3.6205
3.0962,3.6368
3.1062,3.6531
3.1162,3.6693
3.1262,3.6855
3.1362,3.7016
3.1462,3.7177
3.1562,3.7337
3.1662,3.7496
3.1762,3.7654
3.1862,3.7811
3.1962,3.7968
3.2062,3.8124
3.2162,3.8279
3.2262,3.8434
3.2362,3.8589
3.2462,3.8743
3.2562,3.8898
3.2662,3.9052
3.2762,3.9207
3.2862,3.9361
3.2962,3.9516
3.3062,3.9671
3.3162,3.9827
3.3262,3.9983
3.3362,4.014
3.3462,4.0296
3.3562,4.0453
3.3662,4.061
3.3762,4.0768
3.3862,4.0925
3.3962,4.1083
3.4062,4.124
3.4162,4.1398
3.4262,4.1555
3.4362,4.1713
3.4462,4.1871
3.4562,4.2029
3.4662,4.2186
3.4762,4.2344
3.4862,4.2501
3.4962,4.2659
3.5062,4.2817
3.5162,4.2975
3.5262,4.3132
3.5362,4.329
3.5462,4.3448
3.5562,4.3606
3.5662,4.3764
3.5762,4.3922
3.5862,4.4081
3.5962,4.4239
3.6062,4.4397
3.6162,4.4555
3.6262,4.4714
3.6362,4.4872
3.6462,4.503
3.6562,4.5189
3.6662,4.5348
3.6762,4.5507
3.6862,4.5666
3.6962,4.5826
3.7062,4.5985
3.7162,4.6144
3.7262,4.6303
3.7362,4.6462
3.7462,4.6621
3.7562,4.6779
3.7662,4.6938
3.7762,4.7096
3.7862,4.7253
3.7962,4.741
3.8062,4.7567
3.8162,4.7724
3.8262,4.7881
3.8362,4.8037
3.8462,4.8193
3.8562,4.8349
3.8662,4.8505
3.8762,4.866
3.8862,4.8816
3.8962,4.8971
3.9062,4.9126
3.9162,4.9282
3.9262,4.9437
3.9362,4.9592
3.9462,4.9747
3.9562,4.9902
3.9662,5.0057
3.9762,5.0211
3.9862,5.0365
3.9962,5.0519
4.0062,5.0673
4.0162,5.0827
4.0262,5.0981
4.0362,5.1135
4.0462,5.1288
4.0562,5.1443
4.0662,5.1597
4.0762,5.1752
4.0862,5.1907
4.0962,5.2062
4.1062,5.2218
4.1162,5.2374
4.1262,5.2531
4.1362,5.2688
4.1462,5.2846
4.1562,5.3004
4.1662,5.3162
4.1762,5.332
4.1862,5.3478
4.1962,5.3636
4.2062,5.3794
4.2162,5.3952
4.2262,5.4109
4.2362,5.4265
4.2462,5.4422
4.2562,5.4577
4.2662,5.4732
4.2762,5.4887
4.2862,5.5041
4.2962,5.5195
4.3062,5.5348
4.3162,5.5501
4.3262,5.5654
4.3362,5.5807
4.3462,5.596
4.3562,5.6113
4.3662,5.6265
4.3762,5.6418
4.3862,5.657
4.3962,5.6722
4.4062,5.6875
4.4162,5.7027
4.4262,5.718
4.4362,5.7332
4.4462,5.7484
4.4562,5.7636
4.4662,5.7788
4.4762,5.7939
4.4862,5.8091
4.4962,5.8242
4.5062,5.8394
4.5162,5.8545
4.5262,5.8697
4.5362,5.8848
4.5462,5.9
4.5562,5.9151
4.5662,5.9303
4.5762,5.9455
4.5862,5.9607
4.5962,5.976
4.6062,5.9912
4.6162,6.0065
4.6262,6.0218
4.6362,6.037
4.6462,6.0523
4.6562,6.0676
4.6662,6.0828
4.6762,6.0979
4.6862,6.1131
4.6962,6.1282
4.7062,6.1432
4.7162,6.1582
4.7262,6.1731
4.7362,6.1879
4.7462,6.2026
4.7562,6.2172
4.7662,6.2318
4.7762,6.2463
4.7862,6.2608
4.7962,6.2752
4.8062,6.2897
4.8162,6.3041
4.8262,6.3186
4.8362,6.3332
4.8462,6.3478
4.8562,6.3625
4.8662,6.3772
4.8762,6.3921
4.8862,6.4071
4.8962,6.4222
4.9062,6.4375
4.9162,6.4528
4.9262,6.4682
4.9362,6.4837
4.9462,6.4992
4.9562,6.5147
4.9662,6.5301
4.9762,6.5456
4.9862,6.561
4.9962,6.5763
5.0062,6.5915
5.0162,6.6066
5.0262,6.6216
5.0362,6.6364
5.0462,6.6511
5.0562,6.6657
5.0662,6.6802
5.0762,6.6946
5.0862,6.7089
5.0962,6.7232
5.1062,6.7374
5.1162,6.7516
5.1262,6.7658
5.1362,6.78
5.1462,6.7941
5.1562,6.8083
5.1662,6.8225
5.1762,6.8368
5.1862,6.8511
5.1962,6.8654
5.2062,6.8798
5.2162,6.8942
5.2262,6.9085
5.2362,6.9229
5.2462,6.9373
5.2562,6.9517
5.2662,6.966
5.2762,6.9804
5.2862,6.9948
5.2962,7.0092
5.3062,7.0236
5.3162,7.038
5.3262,7.0524
5.3362,7.0668
5.3462,7.0812
5.3562,7.0956
5.3662,7.11
5.3762,7.1245
5.3862,7.139
5.3962,7.1535
5.4062,7.168
5.4162,7.1825
5.4262,7.1969
5.4362,7.2114
5.4462,7.2258
5.4562,7.2402
5.4662,7.2546
5.4762,7.2689
5.4862,7.2831
5.4962,7.2973
5.5062,7.3114
5.5162,7.3255
5.5262,7.3395
5.5362,7.3535
5.5462,7.3674
5.5562,7.3813
5.5662,7.3951
5.5762,7.409
5.5862,7.4228
5.5962,7.4366
5.6062,7.4504
5.6162,7.4642
5.6262,7.4779
5.6362,7.4917
5.6462,7.5055
5.6562,7.5193
5.6662,7.5331
5.6762,7.5468
5.6862,7.5605
5.6962,7.5741
5.7062,7.5877
5.7162,7.6014
5.7262,7.615
5.7362,7.6286
5.7462,7.6423
5.7562,7.656
5.7662,7.6697
5.7762,7.6835
5.7862,7.6974
5.7962,7.7114
5.8062,7.7255
5.8162,7.7396
5.8262,7.754
5.8362,7.7685
5.8462,7.7832
5.8562,7.7979
5.8662,7.8127
5.8762,7.8276
5.8862,7.8424
5.8962,7.8573
5.9062,7.8721
5.9162,7.8868
5.9262,7.9013
5.9362,7.9158
5.9462,7.9301
5.9562,7.9442
5.9662,7.9581
5.9762,7.9718
5.9862,7.9853
5.9962,7.9987
6.0062,8.0119
6.0162,8.025
6.0262,8.0381
6.0362,8.051
6.0462,8.064
6.0562,8.0769
6.0662,8.0898
6.0762,8.1027
6.0862,8.1156
6.0962,8.1286
6.1062,8.1416
6.1162,8.1547
6.1262,8.168
6.1362,8.1813
6.1462,8.1946
6.1562,8.2079
6.1662,8.2213
6.1762,8.2347
6.1862,8.2481
6.1962,8.2616
6.2062,8.275
6.2162,8.2883
6.2262,8.3017
6.2362,8.315
6.2462,8.3283
6.2562,8.3416
6.2662,8.3548
6.2762,8.3679
6.2862,8.381
6.2962,8.3939
6.3062,8.4069
6.3162,8.4198
6.3262,8.4326
6.3362,8.4454
6.3462,8.4582
6.3562,8.471
6.3662,8.4838
6.3762,8.4966
6.3862,8.5095
6.3962,8.5223
6.4062,8.5352
6.4162,8.5482
6.4262,8.5612
6.4362,8.5742
6.4462,8.5874
6.4562,8.6005
6.4662,8.6138
6.4762,8.627
6.4862,8.6403
6.4962,8.6536
6.5062,8.6669
6.5162,8.6802
6.5262,8.6935
6.5362,8.7068
6.5462,8.72
6.5562,8.7332
6.5662,8.7464
6.5762,8.7595
6.5862,8.7725
6.5962,8.7855
6.6062,8.7984
6.6162,8.8113
6.6262,8.8242
6.6362,8.837
6.6462,8.8498
6.6562,8.8626
6.6662,8.8754
6.6762,8.8881
6.6862,8.9009
6.6962,8.9136
6.7062,8.9263
6.7162,8.939
6.7262,8.9517
6.7362,8.9645
6.7462,8.9772
6.7562,8.99
6.7662,9.0027
6.7762,9.0154
6.7862,9.0282
6.7962,9.0409
6.8062,9.0536
6.8162,9.0663
6.8262,9.079
6.8362,9.0917
6.8462,9.1044
6.8562,9.1171
6.8662,9.1297
6.8762,9.1423
6.8862,9.155
6.8962,9.1676
6.9062,9.1801
6.9162,9.1927
6.9262,9.2053
6.9362,9.2178
6.9462,9.2303
6.9562,9.2428
6.9662,9.2553
6.9762,9.2678
6.9862,9.2803
6.9962,9.2928
7.0062,9.3052
7.0162,9.3177
7.0262,9.3301
7.0362,9.3425
7.0462,9.355
7.0562,9.3674
7.0662,9.3798
7.0762,9.3922
7.0862,9.4045
7.0962,9.4169
7.1062,9.4292
7.1162,9.4416
7.1262,9.4539
7.1362,9.4662
7.1462,9.4785
7.1562,9.4908
7.1662,9.5031
7.1762,9.5154
7.1862,9.5278
7.1962,9.5401
7.2062,9.5524
7.2162,9.5647
7.2262,9.5771
7.2362,9.5894
7.2462,9.6017
7.2562,9.6141
7.2662,9.6264
7.2762,9.6387
7.2862,9.6511
7.2962,9.6634
7.3062,9.6757
7.3162,9.688
7.3262,9.7004
7.3362,9.7127
7.3462,9.725
7.3562,9.7374
7.3662,9.7497
7.3762,9.7621
7.3862,9.7745
7.3962,9.7869
7.4062,9.7994
7.4162,9.8119
7.4262,9.8243
7.4362,9.8368
7.4462,9.8492
7.4562,9.8616
7.4662,9.874
7.4762,9.8862
7.4862,9.8985
7.4962,9.9106
7.5062,9.9226
7.5162,9.9346
7.5262,9.9464
7.5362,9.9581
7.5462,9.9696
7.5562,9.9811
7.5662,9.9925
7.5762,10.004
7.5862,10.015
7.5962,10.026
7.6062,10.038
7.6162,10.049
7.6262,10.06
7.6362,10.072
7.6462,10.083
7.6562,10.095
7.6662,10.106
7.6762,10.118
7.6862,10.13
7.6962,10.142
7.7062,10.154
7.7162,10.166
7.7262,10.178
7.7362,10.191
7.7462,10.203
7.7562,10.215
7.7662,10.227
7.7762,10.24
7.7862,10.252
7.7962,10.264
7.8062,10.276
7.8162,10.288
7.8262,10.3
7.8362,10.312
7.8462,10.324
7.8562,10.335
7.8662,10.347
7.8762,10.359
7.8862,10.371
7.8962,10.382
7.9062,10.394
7.9162,10.405
7.9262,10.417
7.9362,10.429
7.9462,10.44
7.9562,10.452
7.9662,10.463
7.9762,10.475
7.9862,10.486
7.9962,10.498
8.0062,10.509
8.0162,10.521
8.0262,10.532
8.0362,10.544
8.0462,10.555
8.0562,10.567
8.0662,10.578
8.0762,10.59
8.0862,10.601
8.0962,10.612
8.1062,10.624
8.1162,10.635
8.1262,10.647
8.1362,10.658
8.1462,10.669
8.1562,10.681
8.1662,10.692
8.1762,10.704
8.1862,10.715
8.1962,10.726
8.2062,10.738
8.2162,10.749
8.2262,10.76
8.2362,10.772
8.2462,10.783
8.2562,10.794
8.2662,10.805
8.2762,10.817
8.2862,10.828
8.2962,10.839
8.3062,10.85
8.3162,10.862
8.3262,10.873
8.3362,10.884
8.3462,10.895
8.3562,10.906
8.3662,10.917
8.3762,10.928
8.3862,10.939
8.3962,10.95
8.4062,10.962
8.4162,10.973
8.4262,10.984
8.4362,10.995
8.4462,11.006
8.4562,11.017
8.4662,11.029
8.4762,11.04
8.4862,11.051
8.4962,11.062
8.5062,11.074
8.5162,11.085
8.5262,11.096
8.5362,11.108
8.5462,11.119
8.5562,11.13
8.5662,11.141
8.5762,11.153
8.5862,11.164
8.5962,11.175
8.6062,11.186
8.6162,11.197
8.6262,11.208
8.6362,11.219
8.6462,11.23
8.6562,11.241
8.6662,11.251
8.6762,11.262
8.6862,11.273
8.6962,11.284
8.7062,11.295
8.7162,11.305
8.7262,11.316
8.7362,11.327
8.7462,11.338
8.7562,11.348
8.7662,11.359
8.7762,11.37
8.7862,11.381
8.7962,11.392
8.8062,11.402
8.8162,11.413
8.8262,11.424
8.8362,11.435
8.8462,11.446
8.8562,11.456
8.8662,11.467
8.8762,11.478
8.8862,11.488
8.8962,11.499
8.9062,11.51
8.9162,11.52
8.9262,11.531
8.9362,11.542
8.9462,11.552
8.9562,11.563
8.9662,11.573
8.9762,11.584
8.9862,11.594
8.9962,11.605
9.0062,11.615
9.0162,11.626
9.0262,11.636
9.0362,11.647
9.0462,11.658
9.0562,11.668
9.0662,11.679
9.0762,11.69
9.0862,11.7
9.0962,11.711
9.1062,11.722
9.1162,11.733
9.1262,11.744
9.1362,11.755
9.1462,11.766
9.1562,11.776
9.1662,11.787
9.1762,11.798
9.1862,11.809
9.1962,11.82
9.2062,11.831
9.2162,11.841
9.2262,11.852
9.2362,11.862
9.2462,11.873
9.2562,11.883
9.2662,11.894
9.2762,11.904
9.2862,11.914
9.2962,11.924
9.3062,11.935
9.3162,11.945
9.3262,11.955
9.3362,11.965
9.3462,11.976
9.3562,11.986
9.3662,11.996
9.3762,12.007
9.3862,12.017
9.3962,12.027
9.4062,12.038
9.4162,12.048
9.4262,12.059
9.4362,12.069
9.4462,12.08
9.4562,12.09
9.4662,12.101
9.4762,12.111
9.4862,12.122
9.4962,12.132
9.5062,12.143
9.5162,12.153
9.5262,12.164
9.5362,12.174
9.5462,12.184
9.5562,12.195
9.5662,12.205
9.5762,12.215
9.5862,12.226
9.5962,12.236
9.6062,12.246
9.6162,12.256
9.6262,12.267
9.6362,12.277
9.6462,12.287
9.6562,12.297
9.6662,12.307
9.6762,12.318
9.6862,12.328
9.6962,12.338
9.7062,12.348
9.7162,12.358
9.7262,12.368
9.7362,12.378
9.7462,12.388
9.7562,12.398
9.7662,12.408
9.7762,12.418
9.7862,12.428
9.7962,12.438
9.8062,12.448
9.8162,12.458
9.8262,12.468
9.8362,12.479
9.8462,12.489
9.8562,12.499
9.8662,12.509
9.8762,12.519
9.8862,12.529
9.8962,12.539
9.9062,12.549
9.9162,12.559
9.9262,12.569
9.9362,12.579
9.9462,12.589
9.9562,12.599
9.9662,12.609
9.9762,12.619
9.9862,12.63
9.9962,12.64
10.006,12.65
10.016,12.66
10.026,12.671
10.036,12.681
10.046,12.692
10.056,12.702
10.066,12.713
10.076,12.723
10.086,12.734
10.096,12.744
10.106,12.755
10.116,12.765
10.126,12.775
10.136,12.786
10.146,12.796
10.156,12.806
10.166,12.816
10.176,12.826
10.186,12.836
10.196,12.846
10.206,12.856
10.216,12.865
10.226,12.875
10.236,12.885
10.246,12.895
10.256,12.904
10.266,12.914
10.276,12.924
10.286,12.933
10.296,12.943
10.306,12.952
10.316,12.962
10.326,12.971
10.336,12.981
10.346,12.99
10.356,13
10.366,13.009
10.376,13.019
10.386,13.028
10.396,13.038
10.406,13.047
10.416,13.056
10.426,13.066
10.436,13.075
10.446,13.085
10.456,13.094
10.466,13.104
10.476,13.113
10.486,13.123
10.496,13.133
10.506,13.142
10.516,13.152
10.526,13.162
10.536,13.172
10.546,13.181
10.556,13.191
10.566,13.201
10.576,13.211
10.586,13.22
10.596,13.23
10.606,13.24
10.616,13.249
10.626,13.259
10.636,13.269
10.646,13.278
10.656,13.288
10.666,13.298
10.676,13.307
10.686,13.317
10.696,13.326
10.706,13.336
10.716,13.346
10.726,13.355
10.736,13.365
10.746,13.374
10.756,13.384
10.766,13.394
10.776,13.403
10.786,13.413
10.796,13.422
10.806,13.432
10.816,13.441
10.826,13.451
10.836,13.461
10.846,13.47
10.856,13.48
10.866,13.489
10.876,13.499
10.886,13.508
10.896,13.518
10.906,13.527
10.916,13.537
10.926,13.546
10.936,13.555
10.946,13.565
10.956,13.574
10.966,13.583
10.976,13.592
10.986,13.601
10.996,13.61
11.006,13.619
11.016,13.629
11.026,13.638
11.036,13.647
11.046,13.656
11.056,13.665
11.066,13.674
11.076,13.683
11.086,13.693
11.096,13.702
11.106,13.711
11.116,13.72
11.126,13.73
11.136,13.739
11.146,13.748
11.156,13.757
11.166,13.767
11.176,13.776
11.186,13.785
11.196,13.795
11.206,13.804
11.216,13.813
11.226,13.823
11.236,13.832
11.246,13.841
11.256,13.851
11.266,13.86
11.276,13.869
11.286,13.879
11.296,13.888
11.306,13.897
11.316,13.907
11.326,13.916
11.336,13.926
11.346,13.935
11.356,13.944
11.366,13.953
11.376,13.963
11.386,13.972
11.396,13.981
11.406,13.99
11.416,14
11.426,14.009
11.436,14.018
11.446,14.027
11.456,14.036
11.466,14.045
11.476,14.054
11.486,14.063
11.496,14.072
11.506,14.081
11.516,14.09
11.526,14.099
11.536,14.108
11.546,14.117
11.556,14.126
11.566,14.135
11.576,14.144
11.586,14.153
11.596,14.162
11.606,14.171
11.616,14.181
11.626,14.19
11.636,14.199
11.646,14.208
11.656,14.217
11.666,14.226
11.676,14.235
11.686,14.244
11.696,14.253
11.706,14.262
11.716,14.271
11.726,14.28
11.736,14.289
11.746,14.298
11.756,14.307
11.766,14.316
11.776,14.325
11.786,14.334
11.796,14.344
11.806,14.353
11.816,14.362
11.826,14.371
11.836,14.38
11.846,14.389
11.856,14.398
11.866,14.406
11.876,14.415
11.886,14.424
11.896,14.433
11.906,14.442
11.916,14.451
11.926,14.459
11.936,14.468
11.946,14.477
11.956,14.486
11.966,14.494
11.976,14.503
11.986,14.512
11.996,14.521
12.006,14.53
12.016,14.538
12.026,14.547
12.036,14.556
12.046,14.565
12.056,14.574
12.066,14.583
12.076,14.592
12.086,14.601
12.096,14.61
12.106,14.619
12.116,14.628
12.126,14.637
12.136,14.646
12.146,14.655
12.156,14.664
12.166,14.673
12.176,14.681
12.186,14.69
12.196,14.699
12.206,14.708
12.216,14.716
12.226,14.725
12.236,14.733
12.246,14.742
12.256,14.751
12.266,14.759
12.276,14.768
12.286,14.776
12.296,14.785
12.306,14.794
12.316,14.802
12.326,14.811
12.336,14.82
12.346,14.828
12.356,14.837
12.366,14.846
12.376,14.854
12.386,14.863
12.396,14.872
12.406,14.88
12.416,14.889
12.426,14.898
12.436,14.906
12.446,14.915
12.456,14.924
12.466,14.932
12.476,14.941
12.486,14.949
12.496,14.958
12.506,14.966
12.516,14.975
12.526,14.984
12.536,14.992
12.546,15.001
12.556,15.009
12.566,15.018
12.576,15.026
12.586,15.035
12.596,15.043
12.606,15.052
12.616,15.06
12.626,15.069
12.636,15.077
12.646,15.086
12.656,15.094
12.666,15.103
12.676,15.111
12.686,15.12
12.696,15.128
12.706,15.137
12.716,15.145
12.726,15.154
12.736,15.163
12.746,15.171
12.756,15.18
12.766,15.188
12.776,15.197
12.786,15.205
12.796,15.214
12.806,15.222
12.816,15.231
12.826,15.24
12.836,15.248
12.846,15.257
12.856,15.265
12.866,15.274
12.876,15.283
12.886,15.291
12.896,15.3
12.906,15.308
12.916,15.317
12.926,15.325
12.936,15.334
12.946,15.343
12.956,15.351
12.966,15.359
12.976,15.368
12.986,15.376
12.996,15.385
13.006,15.393
13.016,15.402
13.026,15.41
13.036,15.418
13.046,15.427
13.056,15.435
13.066,15.443
13.076,15.452
13.086,15.46
13.096,15.468
13.106,15.477
13.116,15.485
13.126,15.493
13.136,15.501
13.146,15.509
13.156,15.518
13.166,15.526
13.176,15.534
13.186,15.542
13.196,15.55
13.206,15.558
13.216,15.567
13.226,15.575
13.236,15.583
13.246,15.591
13.256,15.599
13.266,15.608
13.276,15.616
13.286,15.624
13.296,15.632
13.306,15.641
13.316,15.649
13.326,15.658
13.336,15.666
13.346,15.674
13.356,15.683
13.366,15.691
13.376,15.699
13.386,15.708
13.396,15.716
13.406,15.724
13.416,15.733
13.426,15.741
13.436,15.749
13.446,15.757
13.456,15.765
13.466,15.774
13.476,15.782
13.486,15.79
13.496,15.798
13.506,15.806
13.516,15.814
13.526,15.823
13.536,15.831
13.546,15.839
13.556,15.847
13.566,15.855
13.576,15.864
13.586,15.872
13.596,15.88
13.606,15.888
13.616,15.896
13.626,15.905
13.636,15.913
13.646,15.921
13.656,15.929
13.666,15.937
13.676,15.946
13.686,15.954
13.696,15.962
13.706,15.97
13.716,15.978
13.726,15.986
13.736,15.995
13.746,16.003
13.756,16.011
13.766,16.019
13.776,16.027
13.786,16.035
13.796,16.043
13.806,16.051
13.816,16.059
13.826,16.067
13.836,16.075
13.846,16.083
13.856,16.091
13.866,16.099
13.876,16.107
13.886,16.115
13.896,16.123
13.906,16.131
13.916,16.139
13.926,16.147
13.936,16.155
13.946,16.163
13.956,16.171
13.966,16.179
13.976,16.187
13.986,16.195
13.996,16.203
14.006,16.211
14.016,16.22
14.026,16.228
14.036,16.235
14.046,16.243
14.056,16.251
14.066,16.259
14.076,16.267
14.086,16.275
14.096,16.283
14.106,16.291
14.116,16.298
14.126,16.306
14.136,16.314
14.146,16.322
14.156,16.33
14.166,16.338
14.176,16.345
14.186,16.353
14.196,16.361
14.206,16.369
14.216,16.377
14.226,16.385
14.236,16.393
14.246,16.401
14.256,16.409
14.266,16.417
14.276,16.425
14.286,16.433
14.296,16.441
14.306,16.449
14.316,16.457
14.326,16.465
14.336,16.473
14.346,16.481
14.356,16.489
14.366,16.497
14.376,16.504
14.386,16.512
14.396,16.52
14.406,16.528
14.416,16.536
14.426,16.544
14.436,16.552
14.446,16.56
14.456,16.568
14.466,16.575
14.476,16.583
14.486,16.591
14.496,16.599
14.506,16.607
14.516,16.614
14.526,16.622
14.536,16.63
14.546,16.638
14.556,16.645
14.566,16.653
14.576,16.661
14.586,16.669
14.596,16.676
14.606,16.684
14.616,16.692
14.626,16.7
14.636,16.707
14.646,16.715
14.656,16.723
14.666,16.731
14.676,16.738
14.686,16.746
14.696,16.754
14.706,16.761
14.716,16.769
14.726,16.777
14.736,16.785
14.746,16.792
14.756,16.8
14.766,16.808
14.776,16.815
14.786,16.823
14.796,16.831
14.806,16.839
14.816,16.846
14.826,16.854
14.836,16.862
14.846,16.869
14.856,16.877
14.866,16.885
14.876,16.892
14.886,16.9
14.896,16.907

wl,k
0.1762,0.32482
0.1862,0.39171
0.1962,0.45541
0.2062,0.51629
0.2162,0.57467
0.2262,0.63082
0.2362,0.68499
0.2462,0.73735
0.2562,0.78809
0.2662,0.83735
0.2762,0.88526
0.2862,0.93191
0.2962,0.97742
0.3062,1.0219
0.3162,1.0653
0.3262,1.1078
0.3362,1.1495
0.3462,1.1903
0.3562,1.2304
0.3662,1.2697
0.3762,1.3083
0.3862,1.3482
0.3962,1.3906
0.4062,1.4348
0.4162,1.4799
0.4262,1.5254
0.4362,1.5704
0.4462,1.6145
0.4562,1.6569
0.4662,1.6971
0.4762,1.7345
0.4862,1.7687
0.4962,1.7989
0.5062,1.8248
0.5162,1.8458
0.5262,1.8612
0.5362,1.8712
0.5462,1.8793
0.5562,1.8862
0.5662,1.8922
0.5762,1.8974
0.5862,1.902
0.5962,1.9063
0.6062,1.9103
0.6162,1.9144
0.6262,1.9188
0.6362,1.9235
0.6462,1.9289
0.6562,1.9351
0.6662,1.9424
0.6762,1.9509
0.6862,1.9609
0.6962,1.9718
0.7062,1.9832
0.7162,1.9953
0.7262,2.0083
0.7362,2.0225
0.7462,2.0378
0.7562,2.0545
0.7662,2.0727
0.7762,2.0925
0.7862,2.1141
0.7962,2.1374
0.8062,2.1625
0.8162,2.1896
0.8262,2.2186
0.8362,2.2495
0.8462,2.2821
0.8562,2.3155
0.8662,2.35
0.8762,2.3854
0.8862,2.4217
0.8962,2.4587
0.9062,2.4964
0.9162,2.5347
0.9262,2.5735
0.9362,2.6128
0.9462,2.6524
0.9562,2.6922
0.9662,2.7323
0.9762,2.7724
0.9862,2.8126
0.9962,2.8528
1.0062,2.893
1.0162,2.9335
1.0262,2.9741
1.0362,3.0149
1.0462,3.0558
1.0562,3.0968
1.0662,3.1378
1.0762,3.1789
1.0862,3.22
1.0962,3.261
1.1062,3.3021
1.1162,3.3431
1.1262,3.384
1.1362,3.4248
1.1462,3.4656
1.1562,3.5062
1.1662,3.5469
1.1762,3.5878
1.1862,3.6287
1.1962,3.6696
1.2062,3.7105
1.2162,3.7514
1.2262,3.7921
1.2362,3.8328
1.2462,3.8733
1.2562,3.9137
1.2662,3.9539
1.2762,3.994
1.2862,4.0338
1.2962,4.0734
1.3062,4.1127
1.3162,4.1519
1.3262,4.1911
1.3362,4.2302
1.3462,4.2691
1.3562,4.308
1.3662,4.3468
1.3762,4.3855
1.3862,4.424
1.3962,4.4623
1.4062,4.5005
1.4162,4.5385
1.4262,4.5763
1.4362,4.614
1.4462,4.6514
1.4562,4.6886
1.4662,4.7256
1.4762,4.7625
1.4862,4.7992
1.4962,4.8358
1.5062,4.8723
1.5162,4.9087
1.5262,4.9449
1.5362,4.9811
1.5462,5.017
1.5562,5.0528
1.5662,5.0885
1.5762,5.124
1.5862,5.1593
1.5962,5.1944
1.6062,5.2294
1.6162,5.2642
1.6262,5.2988
1.6362,5.3332
1.6462,5.3676
1.6562,5.4018
1.6662,5.4359
1.6762,5.4698
1.6862,5.5037
1.6962,5.5374
1.7062,5.571
1.7162,5.6044
1.7262,5.6378
1.7362,5.671
1.7462,5.7041
1.7562,5.7371
1.7662,5.7699
1.7762,5.8027
1.7862,5.8354
1.7962,5.868
1.8062,5.9006
1.8162,5.933
1.8262,5.9654
1.8362,5.9977
1.8462,6.03
1.8562,6.0621
1.8662,6.0941
1.8762,6.126
1.8862,6.1578
1.8962,6.1894
1.9062,6.221
1.9162,6.2524
1.9262,6.2837
1.9362,6.3148
1.9462,6.3458
1.9562,6.3768
1.9662,6.4076
1.9762,6.4384
1.9862,6.469
1.9962,6.4996
2.0062,6.53
2.0162,6.5604
2.0262,6.5907
2.0362,6.6208
2.0462,6.6509
2.0562,6.6809
2.0662,6.7108
2.0762,6.7406
2.0862,6.7703
2.0962,6.7999
2.1062,6.8295
2.1162,6.8589
2.1262,6.8883
2.1362,6.9176
2.1462,6.9469
2.1562,6.976
2.1662,7.0051
2.1762,7.0341
2.1862,7.0631
2.1962,7.0919
2.2062,7.1207
2.2162,7.1494
2.2262,7.178
2.2362,7.2066
2.2462,7.2351
2.2562,7.2635
2.2662,7.292
2.2762,7.3203
2.2862,7.3487
2.2962,7.377
2.3062,7.4052
2.3162,7.4333
2.3262,7.4614
2.3362,7.4894
2.3462,7.5172
2.3562,7.545
2.3662,7.5727
2.3762,7.6002
2.3862,7.6276
2.3962,7.6549
2.4062,7.682
2.4162,7.7091
2.4262,7.736
2.4362,7.7628
2.4462,7.7895
2.4562,7.8162
2.4662,7.8427
2.4762,7.8692
2.4862,7.8956
2.4962,7.9219
2.5062,7.9482
2.5162,7.9743
2.5262,8.0005
2.5362,8.0265
2.5462,8.0526
2.5562,8.0785
2.5662,8.1045
2.5762,8.1304
2.5862,8.1563
2.5962,8.1821
2.6062,8.2078
2.6162,8.2335
2.6262,8.2592
2.6362,8.2848
2.6462,8.3103
2.6562,8.3357
2.6662,8.361
2.6762,8.3863
2.6862,8.4115
2.6962,8.4365
2.7062,8.4615
2.7162,8.4864
2.7262,8.5112
2.7362,8.5359
2.7462,8.5605
2.7562,8.5851
2.7662,8.6095
2.7762,8.634
2.7862,8.6583
2.7962,8.6826
2.8062,8.7068
2.8162,8.731
2.8262,8.7551
2.8362,8.7792
2.8462,8.8032
2.8562,8.8272
2.8662,8.8512
2.8762,8.8751
2.8862,8.899
2.8962,8.9229
2.9062,8.9467
2.9162,8.9705
2.9262,8.9942
2.9362,9.0179
2.9462,9.0416
2.9562,9.0652
2.9662,9.0887
2.9762,9.1122
2.9862,9.1356
2.9962,9.159
3.0062,9.1823
3.0162,9.2055
3.0262,9.2287
3.0362,9.2518
3.0462,9.275
3.0562,9.2981
3.0662,9.3212
3.0762,9.3442
3.0862,9.3672
3.0962,9.3901
3.1062,9.4129
3.1162,9.4356
3.1262,9.4583
3.1362,9.4809
3.1462,9.5034
3.1562,9.5258
3.1662,9.548
3.1762,9.5702
3.1862,9.5922
3.1962,9.6141
3.2062,9.6359
3.2162,9.6576
3.2262,9.6793
3.2362,9.7008
3.2462,9.7223
3.2562,9.7438
3.2662,9.7651
3.2762,9.7865
3.2862,9.8078
3.2962,9.829
3.3062,9.8503
3.3162,9.8715
3.3262,9.8927
3.3362,9.914
3.3462,9.9352
3.3562,9.9564
3.3662,9.9776
3.3762,9.9988
3.3862,10.02
3.3962,10.041
3.4062,10.062
3.4162,10.083
3.4262,10.104
3.4362,10.125
3.4462,10.146
3.4562,10.166
3.4662,10.187
3.4762,10.208
3.4862,10.228
3.4962,10.248
3.5062,10.269
3.5162,10.289
3.5262,10.309
3.5362,10.329
3.5462,10.349
3.5562,10.369
3.5662,10.389
3.5762,10.408
3.5862,10.428
3.5962,10.448
3.6062,10.468
3.6162,10.487
3.6262,10.507
3.6362,10.527
3.6462,10.546
3.6562,10.566
3.6662,10.585
3.6762,10.605
3.6862,10.624
3.6962,10.644
3.7062,10.663
3.7162,10.683
3.7262,10.702
3.7362,10.722
3.7462,10.741
3.7562,10.76
3.7662,10.779
3.7762,10.799
3.7862,10.818
3.7962,10.837
3.8062,10.855
3.8162,10.874
3.8262,10.893
3.8362,10.912
3.8462,10.93
3.8562,10.949
3.8662,10.968
3.8762,10.986
3.8862,11.005
3.8962,11.023
3.9062,11.041
3.9162,11.06
3.9262,11.078
3.9362,11.097
3.9462,11.115
3.9562,11.133
3.9662,11.151
3.9762,11.17
3.9862,11.188
3.9962,11.206
4.0062,11.224
4.0162,11.242
4.0262,11.26
4.0362,11.278
4.0462,11.296
4.0562,11.314
4.0662,11.332
4.0762,11.35
4.0862,11.368
4.0962,11.386
4.1062,11.403
4.1162,11.421
4.1262,11.439
4.1362,11.456
4.1462,11.474
4.1562,11.492
4.1662,11.509
4.1762,11.527
4.1862,11.544
4.1962,11.561
4.2062,11.579
4.2162,11.596
4.2262,11.613
4.2362,11.631
4.2462,11.648
4.2562,11.665
4.2662,11.682
4.2762,11.699
4.2862,11.716
4.2962,11.732
4.3062,11.749
4.3162,11.766
4.3262,11.782
4.3362,11.799
4.3462,11.816
4.3562,11.832
4.3662,11.849
4.3762,11.865
4.3862,11.882
4.3962,11.898
4.4062,11.915
4.4162,11.931
4.4262,11.948
4.4362,11.964
4.4462,11.981
4.4562,11.998
4.4662,12.014
4.4762,12.031
4.4862,12.047
4.4962,12.064
4.5062,12.08
4.5162,12.097
4.5262,12.113
4.5362,12.129
4.5462,12.145
4.5562,12.162
4.5662,12.178
4.5762,12.194
4.5862,12.21
4.5962,12.225
4.6062,12.241
4.6162,12.257
4.6262,12.272
4.6362,12.288
4.6462,12.304
4.6562,12.319
4.6662,12.335
4.6762,12.35
4.6862,12.365
4.6962,12.381
4.7062,12.396
4.7162,12.412
4.7262,12.427
4.7362,12.442
4.7462,12.457
4.7562,12.473
4.7662,12.488
4.7762,12.503
4.7862,12.518
4.7962,12.533
4.8062,12.548
4.8162,12.563
4.8262,12.578
4.8362,12.593
4.8462,12.608
4.8562,12.623
4.8662,12.638
4.8762,12.653
4.8862,12.668
4.8962,12.683
4.9062,12.698
4.9162,12.713
4.9262,12.728
4.9362,12.744
4.9462,12.759
4.9562,12.774
4.9662,12.789
4.9762,12.804
4.9862,12.818
4.9962,12.833
5.0062,12.848
5.0162,12.863
5.0262,12.878
5.0362,12.892
5.0462,12.907
5.0562,12.921
5.0662,12.935
5.0762,12.95
5.0862,12.964
5.0962,12.978
5.1062,12.992
5.1162,13.006
5.1262,13.021
5.1362,13.035
5.1462,13.049
5.1562,13.063
5.1662,13.077
5.1762,13.091
5.1862,13.105
5.1962,13.119
5.2062,13.133
5.2162,13.148
5.2262,13.162
5.2362,13.176
5.2462,13.19
5.2562,13.204
5.2662,13.218
5.2762,13.232
5.2862,13.246
5.2962,13.26
5.3062,13.274
5.3162,13.288
5.3262,13.302
5.3362,13.316
5.3462,13.33
5.3562,13.344
5.3662,13.358
5.3762,13.372
5.3862,13.385
5.3962,13.399
5.4062,13.413
5.4162,13.427
5.4262,13.44
5.4362,13.454
5.4462,13.467
5.4562,13.481
5.4662,13.495
5.4762,13.508
5.4862,13.522
5.4962,13.535
5.5062,13.548
5.5162,13.562
5.5262,13.575
5.5362,13.588
5.5462,13.601
5.5562,13.615
5.5662,13.628
5.5762,13.641
5.5862,13.654
5.5962,13.667
5.6062,13.68
5.6162,13.693
5.6262,13.706
5.6362,13.719
5.6462,13.732
5.6562,13.745
5.6662,13.758
5.6762,13.771
5.6862,13.784
5.6962,13.797
5.7062,13.81
5.7162,13.823
5.7262,13.835
5.7362,13.848
5.7462,13.861
5.7562,13.874
5.7662,13.887
5.7762,13.9
5.7862,13.912
5.7962,13.925
5.8062,13.938
5.8162,13.951
5.8262,13.964
5.8362,13.977
5.8462,13.99
5.8562,14.003
5.8662,14.016
5.8762,14.029
5.8862,14.042
5.8962,14.055
5.9062,14.068
5.9162,14.081
5.9262,14.094
5.9362,14.107
5.9462,14.119
5.9562,14.132
5.9662,14.145
5.9762,14.157
5.9862,14.169
5.9962,14.182
6.0062,14.194
6.0162,14.206
6.0262,14.218
6.0362,14.23
6.0462,14.242
6.0562,14.254
6.0662,14.266
6.0762,14.278
6.0862,14.29
6.0962,14.302
6.1062,14.314
6.1162,14.326
6.1262,14.338
6.1362,14.35
6.1462,14.363
6.1562,14.375
6.1662,14.387
6.1762,14.399
6.1862,14.411
6.1962,14.423
6.2062,14.435
6.2162,14.447
6.2262,14.459
6.2362,14.471
6.2462,14.483
6.2562,14.495
6.2662,14.507
6.2762,14.519
6.2862,14.53
6.2962,14.542
6.3062,14.553
6.3162,14.565
6.3262,14.576
6.3362,14.588
6.3462,14.599
6.3562,14.611
6.3662,14.622
6.3762,14.633
6.3862,14.645
6.3962,14.656
6.4062,14.667
6.4162,14.679
6.4262,14.69
6.4362,14.702
6.4462,14.713
6.4562,14.725
6.4662,14.736
6.4762,14.748
6.4862,14.76
6.4962,14.771
6.5062,14.783
6.5162,14.795
6.5262,14.806
6.5362,14.818
6.5462,14.83
6.5562,14.841
6.5662,14.853
6.5762,14.864
6.5862,14.876
6.5962,14.887
6.6062,14.899
6.6162,14.91
6.6262,14.922
6.6362,14.933
6.6462,14.944
6.6562,14.956
6.6662,14.967
6.6762,14.978
6.6862,14.99
6.6962,15.001
6.7062,15.012
6.7162,15.023
6.7262,15.035
6.7362,15.046
6.7462,15.057
6.7562,15.068
6.7662,15.079
6.7762,15.09
6.7862,15.101
6.7962,15.112
6.8062,15.123
6.8162,15.134
6.8262,15.145
6.8362,15.156
6.8462,15.167
6.8562,15.178
6.8662,15.189
6.8762,15.199
6.8862,15.21
6.8962,15.221
6.9062,15.232
6.9162,15.243
6.9262,15.253
6.9362,15.264
6.9462,15.275
6.9562,15.286
6.9662,15.296
6.9762,15.307
6.9862,15.318
6.9962,15.328
7.0062,15.339
7.0162,15.349
7.0262,15.36
7.0362,15.371
7.0462,15.381
7.0562,15.392
7.0662,15.403
7.0762,15.413
7.0862,15.424
7.0962,15.435
7.1062,15.445
7.1162,15.456
7.1262,15.467
7.1362,15.478
7.1462,15.488
7.1562,15.499
7.1662,15.51
7.1762,15.52
7.1862,15.531
7.1962,15.541
7.2062,15.552
7.2162,15.563
7.2262,15.573
7.2362,15.584
7.2462,15.594
7.2562,15.605
7.2662,15.616
7.2762,15.626
7.2862,15.637
7.2962,15.647
7.3062,15.658
7.3162,15.668
7.3262,15.679
7.3362,15.689
7.3462,15.7
7.3562,15.71
7.3662,15.721
7.3762,15.731
7.3862,15.742
7.3962,15.753
7.4062,15.763
7.4162,15.774
7.4262,15.785
7.4362,15.795
7.4462,15.806
7.4562,15.816
7.4662,15.827
7.4762,15.837
7.4862,15.848
7.4962,15.858
7.5062,15.869
7.5162,15.879
7.5262,15.889
7.5362,15.899
7.5462,15.909
7.5562,15.919
7.5662,15.929
7.5762,15.939
7.5862,15.948
7.5962,15.958
7.6062,15.968
7.6162,15.977
7.6262,15.987
7.6362,15.997
7.6462,16.007
7.6562,16.017
7.6662,16.026
7.6762,16.036
7.6862,16.046
7.6962,16.056
7.7062,16.066
7.7162,16.077
7.7262,16.087
7.7362,16.097
7.7462,16.107
7.7562,16.117
7.7662,16.127
7.7762,16.137
7.7862,16.147
7.7962,16.157
7.8062,16.167
7.8162,16.177
7.8262,16.187
7.8362,16.197
7.8462,16.207
7.8562,16.217
7.8662,16.226
7.8762,16.236
7.8862,16.246
7.8962,16.255
7.9062,16.265
7.9162,16.275
7.9262,16.284
7.9362,16.294
7.9462,16.303
7.9562,16.313
7.9662,16.322
7.9762,16.332
7.9862,16.341
7.9962,16.351
8.0062,16.361
8.0162,16.37
8.0262,16.38
8.0362,16.389
8.0462,16.398
8.0562,16.408
8.0662,16.417
8.0762,16.427
8.0862,16.436
8.0962,16.446
8.1062,16.455
8.1162,16.465
8.1262,16.474
8.1362,16.483
8.1462,16.493
8.1562,16.502
8.1662,16.512
8.1762,16.521
8.1862,16.531
8.1962,16.54
8.2062,16.55
8.2162,16.559
8.2262,16.569
8.2362,16.578
8.2462,16.588
8.2562,16.597
8.2662,16.606
8.2762,16.616
8.2862,16.625
8.2962,16.635
8.3062,16.644
8.3162,16.653
8.3262,16.663
8.3362,16.672
8.3462,16.681
8.3562,16.691
8.3662,16.7
8.3762,16.709
8.3862,16.719
8.3962,16.728
8.4062,16.737
8.4162,16.747
8.4262,16.756
8.4362,16.765
8.4462,16.775
8.4562,16.784
8.4662,16.793
8.4762,16.803
8.4862,16.812
8.4962,16.821
8.5062,16.831
8.5162,16.84
8.5262,16.849
8.5362,16.859
8.5462,16.868
8.5562,16.877
8.5662,16.887
8.5762,16.896
8.5862,16.905
8.5962,16.914
8.6062,16.924
8.6162,16.933
8.6262,16.942
8.6362,16.951
8.6462,16.96
8.6562,16.969
8.6662,16.977
8.6762,16.986
8.6862,16.995
8.6962,17.004
8.7062,17.013
8.7162,17.022
8.7262,17.031
8.7362,17.039
8.7462,17.048
8.7562,17.057
8.7662,17.066
8.7762,17.075
8.7862,17.084
8.7962,17.093
8.8062,17.102
8.8162,17.111
8.8262,17.12
8.8362,17.129
8.8462,17.138
8.8562,17.147
8.8662,17.156
8.8762,17.165
8.8862,17.174
8.8962,17.183
8.9062,17.192
8.9162,17.201
8.9262,17.21
8.9362,17.219
8.9462,17.228
8.9562,17.236
8.9662,17.245
8.9762,17.254
8.9862,17.263
8.9962,17.271
9.0062,17.28
9.0162,17.289
9.0262,17.298
9.0362,17.306
9.0462,17.315
9.0562,17.324
9.0662,17.333
9.0762,17.341
9.0862,17.35
9.0962,17.359
9.1062,17.368
9.1162,17.377
9.1262,17.386
9.1362,17.395
9.1462,17.404
9.1562,17.413
9.1662,17.421
9.1762,17.43
9.1862,17.439
9.1962,17.448
9.2062,17.457
9.2162,17.465
9.2262,17.474
9.2362,17.483
9.2462,17.491
9.2562,17.5
9.2662,17.508
9.2762,17.517
9.2862,17.525
9.2962,17.534
9.3062,17.542
9.3162,17.551
9.3262,17.559
9.3362,17.568
9.3462,17.576
9.3562,17.585
9.3662,17.593
9.3762,17.602
9.3862,17.61
9.3962,17.619
9.4062,17.628
9.4162,17.636
9.4262,17.645
9.4362,17.654
9.4462,17.663
9.4562,17.671
9.4662,17.68
9.4762,17.689
9.4862,17.697
9.4962,17.706
9.5062,17.715
9.5162,17.723
9.5262,17.732
9.5362,17.74
9.5462,17.749
9.5562,17.757
9.5662,17.766
9.5762,17.774
9.5862,17.783
9.5962,17.791
9.6062,17.799
9.6162,17.808
9.6262,17.816
9.6362,17.825
9.6462,17.833
9.6562,17.841
9.6662,17.849
9.6762,17.858
9.6862,17.866
9.6962,17.874
9.7062,17.882
9.7162,17.891
9.7262,17.899
9.7362,17.907
9.7462,17.915
9.7562,17.923
9.7662,17.931
9.7762,17.939
9.7862,17.947
9.7962,17.955
9.8062,17.963
9.8162,17.972
9.8262,17.98
9.8362,17.988
9.8462,17.996
9.8562,18.004
9.8662,18.013
9.8762,18.021
9.8862,18.029
9.8962,18.037
9.9062,18.046
9.9162,18.054
9.9262,18.063
9.9362,18.071
9.9462,18.079
9.9562,18.088
9.9662,18.096
9.9762,18.104
9.9862,18.113
9.9962,18.121
10.006,18.129
10.016,18.138
10.026,18.146
10.036,18.154
10.046,18.163
10.056,18.171
10.066,18.18
10.076,18.188
10.086,18.196
10.096,18.205
10.106,18.213
10.116,18.221
10.126,18.229
10.136,18.238
10.146,18.246
10.156,18.254
10.166,18.262
10.176,18.27
10.186,18.278
10.196,18.286
10.206,18.294
10.216,18.302
10.226,18.31
10.236,18.318
10.246,18.325
10.256,18.333
10.266,18.341
10.276,18.349
10.286,18.357
10.296,18.365
10.306,18.372
10.316,18.38
10.326,18.388
10.336,18.396
10.346,18.404
10.356,18.412
10.366,18.419
10.376,18.427
10.386,18.435
10.396,18.443
10.406,18.45
10.416,18.458
10.426,18.466
10.436,18.474
10.446,18.482
10.456,18.49
10.466,18.497
10.476,18.505
10.486,18.513
10.496,18.521
10.506,18.529
10.516,18.537
10.526,18.545
10.536,18.553
10.546,18.561
10.556,18.569
10.566,18.577
10.576,18.585
10.586,18.593
10.596,18.601
10.606,18.609
10.616,18.617
10.626,18.625
10.636,18.632
10.646,18.64
10.656,18.648
10.666,18.656
10.676,18.664
10.686,18.672
10.696,18.68
10.706,18.688
10.716,18.696
10.726,18.703
10.736,18.711
10.746,18.719
10.756,18.727
10.766,18.735
10.776,18.743
10.786,18.75
10.796,18.758
10.806,18.766
10.816,18.774
10.826,18.782
10.836,18.789
10.846,18.797
10.856,18.805
10.866,18.813
10.876,18.82
10.886,18.828
10.896,18.836
10.906,18.844
10.916,18.851
10.926,18.859
10.936,18.867
10.946,18.874
10.956,18.882
10.966,18.889
10.976,18.897
10.986,18.904
10.996,18.911
11.006,18.919
11.016,18.926
11.026,18.934
11.036,18.941
11.046,18.948
11.056,18.956
11.066,18.963
11.076,18.971
11.086,18.978
11.096,18.986
11.106,18.994
11.116,19.001
11.126,19.009
11.136,19.016
11.146,19.024
11.156,19.032
11.166,19.04
11.176,19.047
11.186,19.055
11.196,19.063
11.206,19.07
11.216,19.078
11.226,19.086
11.236,19.093
11.246,19.101
11.256,19.108
11.266,19.116
11.276,19.124
11.286,19.131
11.296,19.139
11.306,19.146
11.316,19.154
11.326,19.161
11.336,19.169
11.346,19.176
11.356,19.184
11.366,19.191
11.376,19.199
11.386,19.206
11.396,19.214
11.406,19.221
11.416,19.229
11.426,19.236
11.436,19.243
11.446,19.251
11.456,19.258
11.466,19.266
11.476,19.273
11.486,19.28
11.496,19.288
11.506,19.295
11.516,19.302
11.526,19.31
11.536,19.317
11.546,19.324
11.556,19.332
11.566,19.339
11.576,19.346
11.586,19.354
11.596,19.361
11.606,19.368
11.616,19.376
11.626,19.383
11.636,19.39
11.646,19.397
11.656,19.405
11.666,19.412
11.676,19.419
11.686,19.426
11.696,19.434
11.706,19.441
11.716,19.448
11.726,19.456
11.736,19.463
11.746,19.471
11.756,19.478
11.766,19.485
11.776,19.493
11.786,19.5
11.796,19.508
11.806,19.515
11.816,19.523
11.826,19.53
11.836,19.537
11.846,19.545
11.856,19.552
11.866,19.559
11.876,19.567
11.886,19.574
11.896,19.581
11.906,19.589
11.916,19.596
11.926,19.603
11.936,19.61
11.946,19.617
11.956,19.625
11.966,19.632
11.976,19.639
11.986,19.646
11.996,19.654
12.006,19.661
12.016,19.668
12.026,19.675
12.036,19.683
12.046,19.69
12.056,19.697
12.066,19.705
12.076,19.712
12.086,19.72
12.096,19.727
12.106,19.734
12.116,19.742
12.126,19.749
12.136,19.757
12.146,19.764
12.156,19.771
12.166,19.778
12.176,19.786
12.186,19.793
12.196,19.8
12.206,19.807
12.216,19.814
12.226,19.821
12.236,19.828
12.246,19.835
12.256,19.842
12.266,19.849
12.276,19.856
12.286,19.863
12.296,19.87
12.306,19.877
12.316,19.884
12.326,19.891
12.336,19.898
12.346,19.905
12.356,19.912
12.366,19.919
12.376,19.926
12.386,19.933
12.396,19.94
12.406,19.948
12.416,19.955
12.426,19.962
12.436,19.969
12.446,19.976
12.456,19.983
12.466,19.99
12.476,19.997
12.486,20.004
12.496,20.011
12.506,20.018
12.516,20.025
12.526,20.032
12.536,20.039
12.546,20.046
12.556,20.053
12.566,20.06
12.576,20.067
12.586,20.074
12.596,20.081
12.606,20.088
12.616,20.095
12.626,20.102
12.636,20.109
12.646,20.116
12.656,20.123
12.666,20.13
12.676,20.137
12.686,20.144
12.696,20.151
12.706,20.159
12.716,20.166
12.726,20.173
12.736,20.18
12.746,20.187
12.756,20.194
12.766,20.201
12.776,20.208
12.786,20.215
12.796,20.222
12.806,20.229
12.816,20.236
12.826,20.243
12.836,20.25
12.846,20.257
12.856,20.264
12.866,20.27
12.876,20.277
12.886,20.284
12.896,20.291
12.906,20.298
12.916,20.305
12.926,20.312
12.936,20.319
12.946,20.325
12.956,20.332
12.966,20.339
12.976,20.346
12.986,20.353
12.996,20.36
13.006,20.367
13.016,20.374
13.026,20.381
13.036,20.388
13.046,20.394
13.056,20.401
13.066,20.408
13.076,20.415
13.086,20.422
13.096,20.429
13.106,20.436
13.116,20.443
13.126,20.449
13.136,20.456
13.146,20.463
13.156,20.47
13.166,20.477
13.176,20.483
13.186,20.49
13.196,20.497
13.206,20.504
13.216,20.51
13.226,20.517
13.236,20.524
13.246,20.531
13.256,20.538
13.266,20.544
13.276,20.551
13.286,20.558
13.296,20.565
13.306,20.572
13.316,20.578
13.326,20.585
13.336,20.592
13.346,20.599
13.356,20.606
13.366,20.613
13.376,20.619
13.386,20.626
13.396,20.633
13.406,20.64
13.416,20.647
13.426,20.654
13.436,20.66
13.446,20.667
13.456,20.674
13.466,20.681
13.476,20.688
13.486,20.695
13.496,20.702
13.506,20.708
13.516,20.715
13.526,20.722
13.536,20.729
13.546,20.736
13.556,20.742
13.566,20.749
13.576,20.756
13.586,20.762
13.596,20.769
13.606,20.776
13.616,20.782
13.626,20.789
13.636,20.796
13.646,20.802
13.656,20.809
13.666,20.815
13.676,20.822
13.686,20.828
13.696,20.835
13.706,20.842
13.716,20.848
13.726,20.855
13.736,20.862
13.746,20.868
13.756,20.875
13.766,20.882
13.776,20.888
13.786,20.895
13.796,20.902
13.806,20.908
13.816,20.915
13.826,20.922
13.836,20.929
13.846,20.935
13.856,20.942
13.866,20.949
13.876,20.955
13.886,20.962
13.896,20.969
13.906,20.975
13.916,20.982
13.926,20.989
13.936,20.996
13.946,21.002
13.956,21.009
13.966,21.015
13.976,21.022
13.986,21.029
13.996,21.035
14.006,21.042
14.016,21.049
14.026,21.055
14.036,21.062
14.046,21.068
14.056,21.075
14.066,21.082
14.076,21.088
14.086,21.095
14.096,21.101
14.106,21.108
14.116,21.115
14.126,21.121
14.136,21.128
14.146,21.134
14.156,21.141
14.166,21.147
14.176,21.154
14.186,21.16
14.196,21.167
14.206,21.173
14.216,21.18
14.226,21.186
14.236,21.192
14.246,21.199
14.256,21.205
14.266,21.212
14.276,21.218
14.286,21.224
14.296,21.231
14.306,21.237
14.316,21.243
14.326,21.25
14.336,21.256
14.346,21.263
14.356,21.269
14.366,21.276
14.376,21.282
14.386,21.289
14.396,21.295
14.406,21.302
14.416,21.308
14.426,21.315
14.436,21.321
14.446,21.328
14.456,21.335
14.466,21.341
14.476,21.348
14.486,21.354
14.496,21.361
14.506,21.367
14.516,21.374
14.526,21.38
14.536,21.387
14.546,21.393
14.556,21.4
14.566,21.406
14.576,21.413
14.586,21.419
14.596,21.426
14.606,21.432
14.616,21.439
14.626,21.445
14.636,21.452
14.646,21.458
14.656,21.464
14.666,21.471
14.676,21.477
14.686,21.484
14.696,21.49
14.706,21.496
14.716,21.503
14.726,21.509
14.736,21.515
14.746,21.522
14.756,21.528
14.766,21.534
14.776,21.541
14.786,21.547
14.796,21.554
14.806,21.56
14.816,21.566
14.826,21.573
14.836,21.58
14.846,21.586
14.856,21.593
14.866,21.6
14.876,21.606
14.886,21.613
14.896,21.62
